Cas;Skutecna_Spotreba_W;Odhad_Spotreba_Modelu_W;Aktualni_import/export_W;Aktualni_AC_Vystup_W;Celkovy_Vykon_Panelu_W;Predpoved_FS_W;Predpoved_PVF_W;Vykon_Baterie_W;Baterie_SOC_%;Simulovane_SOC_%;Cena_EUR/MWh;Doporucena_Akce;Akce_PuLP;Duvod_PuLP;Uceni_Koeficient_FS;Uceni_Koeficient_PVF;Korigovana_Predpoved_FS_W;Korigovana_Predpoved_PVF_W;Bojler_Zapnut;;;;;
2026-04-10 15:33;141;0;3792;3933;4242;1066;0;0;95;63,3;101,27;PRODAVAT_Z_BATERII;PRODAVAT_Z_BATERII;Vysoka cena (101.27 EUR), vyuziti kapacity pro zisk.;;;;;;;;;;
2026-04-10 15:35;2172;0;1837;4009;4330;1029;0;0;95;97,7;101,27;PRODAVAT_Z_BATERII;PRODAVAT_Z_BATERII;Vysoka cena (101.27 EUR), vyuziti kapacity pro zisk.;;;;;;;;;;
2026-04-10 15:40;180;0;2853;3033;3289;992;0;0;95;97,7;101,27;PRODAVAT_Z_BATERII;PRODAVAT_Z_BATERII;Vysoka cena (101.27 EUR), vyuziti kapacity pro zisk.;;;;;;;;;;
2026-04-10 15:45;2097;0;0;2097;2018;955;0;-311;94;97,4;102,94;PRODAVAT_Z_BATERII;PRODAVAT_Z_BATERII;Vysoka cena (102.94 EUR), vyuziti kapacity pro zisk.;;;;;;;;;;
2026-04-10 15:50;2140;0;1882;4022;1798;918;0;-2230;93;96,4;102,94;PRODAVAT_Z_BATERII;PRODAVAT_Z_BATERII;Vysoka cena (102.94 EUR), vyuziti kapacity pro zisk.;;;;;;;;;;
2026-04-10 15:55;120;0;0;3943;2075;881;0;-2224;91;95,4;102,94;PRODAVAT_Z_BATERII;PRODAVAT_Z_BATERII;Vysoka cena (102.94 EUR), vyuziti kapacity pro zisk.;;;;;;;;;;
2026-04-10 16:00;3902;0;-52;3850;1972;844;0;-2179;91;93,1;97,81;PRODAVAT_Z_BATERII;PRODAVAT_Z_BATERII;Vysoka cena (97.81 EUR), vyuziti kapacity pro zisk.;;;;;;;;;;
2026-04-10 16:05;120;0;-976;1960;2039;813;0;-143;90;93,1;97,81;PRODAVAT_Z_BATERII;PRODAVAT_Z_BATERII;Vysoka cena (97.81 EUR), vyuziti kapacity pro zisk.;;;;;;;;;;
2026-04-10 16:10;1953;0;0;1953;1823;781;0;-382;89;92,1;97,81;PRODAVAT_Z_BATERII;PRODAVAT_Z_BATERII;Vysoka cena (97.81 EUR), vyuziti kapacity pro zisk.;;;;;;;;;;
2026-04-10 16:15;2015;0;-53;1962;1703;750;0;-454;87;92,6;107,56;PRODAVAT_Z_BATERII;PRODAVAT_Z_BATERII;Vysoka cena (107.56 EUR), vyuziti kapacity pro zisk.;;;;;;;;;;
2026-04-10 16:20;120;0;0;3870;1707;718;0;-2460;87;92,6;107,56;PRODAVAT_Z_BATERII;PRODAVAT_Z_BATERII;Vysoka cena (107.56 EUR), vyuziti kapacity pro zisk.;;;;;;;;;;
2026-04-10 16:25;1132;0;247;1379;1627;687;0;-838;86;92,6;107,56;PRODAVAT_Z_BATERII;PRODAVAT_Z_BATERII;Vysoka cena (107.56 EUR), vyuziti kapacity pro zisk.;;;;;;;;;;
2026-04-10 16:30;2395;0;0;2395;1819;656;0;-788;86;87,6;116,68;PRODAVAT_Z_BATERII;PRODAVAT_Z_BATERII;Vysoka cena (116.68 EUR), vyuziti kapacity pro zisk.;;;;;;;;;;
2026-04-10 16:35;120;0;0;4328;1764;624;0;-2842;84;87,6;116,68;PRODAVAT_Z_BATERII;PRODAVAT_Z_BATERII;Vysoka cena (116.68 EUR), vyuziti kapacity pro zisk.;;;;;;;;;;
2026-04-10 16:40;4420;0;119;4539;1733;593;0;-2860;81;85,6;116,68;PRODAVAT_Z_BATERII;PRODAVAT_Z_BATERII;Vysoka cena (116.68 EUR), vyuziti kapacity pro zisk.;;;;;;;;;;
2026-04-10 16:45;120;0;0;6207;1705;561;0;-4881;79;82,4;127,81;NABIJET_SOLAREM;NABIJET_SOLAREM;Bezny provoz EMS.;;;;;;;;;;
2026-04-10 16:50;3737;0;-391;3346;1721;530;0;-2038;77;80,4;127,81;NABIJET_SOLAREM;NABIJET_SOLAREM;Bezny provoz EMS.;;;;;;;;;;
2026-04-10 16:55;120;0;0;347;1663;498;0;1109;77;78,4;127,81;NABIJET_SOLAREM;NABIJET_SOLAREM;Bezny provoz EMS.;;;;;;;;;;
2026-04-10 17:00;2117;0;-85;2032;1465;467;0;-761;75;96,8;114,82;NABIJET_SOLAREM;NABIJET_SOLAREM;Bezny provoz EMS.;;;;;;;;;;
2026-04-10 17:05;2159;0;-82;2077;1336;441;0;-879;74;96,8;114,82;NABIJET_SOLAREM;NABIJET_SOLAREM;Bezny provoz EMS.;;;;;;;;;;
2026-04-10 17:10;120;0;0;2099;1257;415;0;-995;73;96,8;114,82;NABIJET_SOLAREM;NABIJET_SOLAREM;Bezny provoz EMS.;;;;;;;;;;
2026-04-10 17:15;3832;0;0;3832;1143;388;0;-2978;72;74;127,99;NABIJET_SOLAREM;NABIJET_SOLAREM;Bezny provoz EMS.;;;;;;;;;;
2026-04-10 17:20;120;0;-193;3443;1053;362;0;-2840;70;73;127,99;NABIJET_SOLAREM;NABIJET_SOLAREM;Bezny provoz EMS.;;;;;;;;;;
2026-04-10 17:25;2052;0;0;2052;1050;336;0;-1180;68;72,8;127,99;NABIJET_SOLAREM;NABIJET_SOLAREM;Bezny provoz EMS.;;;;;;;;;;
2026-04-10 17:30;2011;0;0;2011;1086;310;0;-1108;67;68,8;136,51;NABIJET_SOLAREM;NABIJET_SOLAREM;Bezny provoz EMS.;;;;;;;;;;
2026-04-10 17:35;120;0;0;3860;1020;284;0;-3145;65;67,8;136,51;NABIJET_SOLAREM;NABIJET_SOLAREM;Bezny provoz EMS.;;;;;;;;;;
2026-04-10 17:40;1935;0;0;1935;1021;258;0;-1129;64;65,8;136,51;NABIJET_SOLAREM;NABIJET_SOLAREM;Bezny provoz EMS.;;;;;;;;;;
2026-04-10 17:45;120;0;0;3844;928;232;0;-3190;61;64,6;161,88;NABIJET_SOLAREM;NABIJET_SOLAREM;Bezny provoz EMS.;;;;;;;;;;
2026-04-10 17:50;1961;0;0;1961;883;205;0;-1245;60;61,6;161,88;NABIJET_SOLAREM;NABIJET_SOLAREM;Bezny provoz EMS.;;;;;;;;;;
2026-04-10 17:55;1919;0;0;1919;777;179;0;-1314;57;60,6;161,88;NABIJET_SOLAREM;NABIJET_SOLAREM;Bezny provoz EMS.;;;;;;;;;;
2026-04-10 18:00;120;0;0;199;721;153;0;378;55;82;123,15;NABIJET_SOLAREM;NABIJET_SOLAREM;Bezny provoz EMS.;;;;;;;;;;
2026-04-10 18:05;2064;0;0;2064;670;142;0;-1621;54;80;123,15;NABIJET_SOLAREM;NABIJET_SOLAREM;Bezny provoz EMS.;;;;;;;;;;
2026-04-10 18:10;120;0;85;2017;542;132;0;-1690;53;79;123,15;NABIJET_SOLAREM;NABIJET_SOLAREM;Bezny provoz EMS.;;;;;;;;;;
2026-04-10 18:15;1972;0;0;1972;510;121;0;-1667;52;78;130,35;NABIJET_SOLAREM;NABIJET_SOLAREM;Bezny provoz EMS.;;;;;;;;;;
2026-04-10 18:20;284;0;0;284;606;110;0;189;50;77;130,35;NABIJET_SOLAREM;NABIJET_SOLAREM;Bezny provoz EMS.;;;;;;;;;;
2026-04-10 18:25;120;0;0;369;586;99;0;94;49;75;130,35;NABIJET_SOLAREM;NABIJET_SOLAREM;Bezny provoz EMS.;;;;;;;;;;
2026-04-10 18:30;2146;0;0;2146;523;88;0;-1803;47;74;159,9;NABIJET_SOLAREM;NABIJET_SOLAREM;Bezny provoz EMS.;;;;;;;;;;
2026-04-10 18:35;120;0;0;3974;383;78;0;-3879;47;72;159,9;NABIJET_SOLAREM;NABIJET_SOLAREM;Bezny provoz EMS.;;;;;;;;;;
2026-04-10 18:40;3942;0;0;3942;285;67;0;-3918;43;72;159,9;NABIJET_SOLAREM;NABIJET_SOLAREM;Bezny provoz EMS.;;;;;;;;;;
2026-04-10 18:45;3491;0;-1318;2173;242;56;0;-2563;40;43,1;195,87;NABIJET_SOLAREM;NABIJET_SOLAREM;Bezny provoz EMS.;;;;;;;;;;
2026-04-10 18:50;120;0;0;2205;259;46;0;-2115;37;40,1;195,87;NABIJET_SOLAREM;NABIJET_SOLAREM;Bezny provoz EMS.;;;;;;;;;;
2026-04-10 18:55;2230;0;0;2230;249;35;0;-2203;34;37,1;195,87;NABIJET_SOLAREM;NABIJET_SOLAREM;Bezny provoz EMS.;;;;;;;;;;
2026-04-10 19:00;120;0;649;2172;189;24;0;-1215;30;59;163,18;NABIJET_SOLAREM;NABIJET_SOLAREM;Bezny provoz EMS.;;;;;;;;;;
2026-04-10 19:05;2159;0;49;2208;155;37;0;-2254;28;55;163,18;NABIJET_SOLAREM;NABIJET_SOLAREM;Bezny provoz EMS.;;;;;;;;;;
2026-04-10 19:10;2069;0;78;2147;176;76;0;-2213;28;53;163,18;NABIJET_SOLAREM;NABIJET_SOLAREM;Bezny provoz EMS.;;;;;;;;;;
2026-04-10 19:15;120;0;0;399;160;102;0;-306;27;53;190;NABIJET_SOLAREM;NABIJET_SOLAREM;Bezny provoz EMS.;;;;;;;;;;
2026-04-10 19:20;338;0;-61;277;122;128;0;-188;26;52;190;NABIJET_SOLAREM;NABIJET_SOLAREM;Bezny provoz EMS.;;;;;;;;;;
2026-04-10 19:25;295;0;0;295;94;154;0;-282;26;51;190;NABIJET_SOLAREM;NABIJET_SOLAREM;Bezny provoz EMS.;;;;;;;;;;
2026-04-10 19:30;258;0;0;258;85;179;0;-235;25;26,4;231,73;NABIJET_SOLAREM;NABIJET_SOLAREM;Bezny provoz EMS.;;;;;;;;;;
2026-04-10 19:35;120;0;0;2099;0;205;0;-2186;25;25,4;231,73;NABIJET_SOLAREM;NABIJET_SOLAREM;Bezny provoz EMS.;;;;;;;;;;
2026-04-10 19:40;1988;0;55;2043;37;231;0;-2189;24;25,4;231,73;NABIJET_SOLAREM;NABIJET_SOLAREM;Bezny provoz EMS.;;;;;;;;;;
2026-04-10 19:45;1999;0;0;1999;38;256;0;-2128;23;10;299,4;NABIJET_SOLAREM;NABIJET_SOLAREM;Bezny provoz EMS.;;;;;;;;;;
2026-04-10 19:50;120;0;0;1973;0;282;0;-2009;22;10;299,4;NABIJET_SOLAREM;NABIJET_SOLAREM;Bezny provoz EMS.;;;;;;;;;;
2026-04-10 19:55;2047;0;0;2047;22;308;0;-2122;21;10;299,4;NABIJET_SOLAREM;NABIJET_SOLAREM;Bezny provoz EMS.;;;;;;;;;;
2026-04-10 20:00;2099;0;-1797;302;0;334;0;-301;20;10;272;NABIJET_SOLAREM;NABIJET_SOLAREM;Bezny provoz EMS.;;;;;;;;;;
2026-04-10 20:05;2156;0;0;2156;0;359;0;-2297;19;10;272;NABIJET_SOLAREM;NABIJET_SOLAREM;Bezny provoz EMS.;;;;;;;;;;
2026-04-10 20:10;120;0;-928;1627;0;385;0;-1128;18;10;272;NABIJET_SOLAREM;NABIJET_SOLAREM;Bezny provoz EMS.;;;;;;;;;;
2026-04-10 20:15;2043;0;0;2043;0;411;0;-2132;17;10;259;NABIJET_SOLAREM;NABIJET_SOLAREM;Bezny provoz EMS.;;;;;;;;;;
2026-04-10 20:20;209;0;0;209;0;436;0;-209;16;10;259;NABIJET_SOLAREM;NABIJET_SOLAREM;Bezny provoz EMS.;;;;;;;;;;
2026-04-10 20:25;221;0;0;221;0;462;0;-209;16;10;259;NABIJET_SOLAREM;NABIJET_SOLAREM;Bezny provoz EMS.;;;;;;;;;;
2026-04-10 20:30;120;0;-151;0;0;488;0;0;15;10;236,9;NABIJET_SOLAREM;NABIJET_SOLAREM;Bezny provoz EMS.;;;;;;;;;;
2026-04-10 20:35;480;0;-1939;0;0;513;0;0;15;10;236,9;NABIJET_SOLAREM;NABIJET_SOLAREM;Bezny provoz EMS.;;;;;;;;;;
2026-04-10 20:40;600;0;-145;0;0;539;0;0;15;10;236,9;NABIJET_SOLAREM;NABIJET_SOLAREM;Bezny provoz EMS.;;;;;;;;;;
2026-04-10 20:45;480;0;-143;0;0;565;0;0;15;16,4;207,77;NABIJET_SOLAREM;NABIJET_SOLAREM;Bezny provoz EMS.;;;;;;;;;;
2026-04-10 20:50;480;0;-329;0;0;591;0;0;15;16,4;207,77;NABIJET_SOLAREM;NABIJET_SOLAREM;Bezny provoz EMS.;;;;;;;;;;
2026-04-10 20:55;720;0;-319;0;0;616;0;0;15;16,4;207,77;NABIJET_SOLAREM;NABIJET_SOLAREM;Bezny provoz EMS.;;;;;;;;;;
2026-04-10 21:00;600;0;-227;0;0;642;0;0;15;10;208,67;NABIJET_SOLAREM;NABIJET_SOLAREM;Bezny provoz EMS.;;;;;;;;;;
2026-04-10 21:05;600;0;-2182;0;0;668;0;0;15;10;208,67;NABIJET_SOLAREM;NABIJET_SOLAREM;Bezny provoz EMS.;;;;;;;;;;
2026-04-10 21:10;720;0;-225;0;0;693;0;0;15;10;208,67;NABIJET_SOLAREM;NABIJET_SOLAREM;Bezny provoz EMS.;;;;;;;;;;
2026-04-10 21:15;480;0;-220;0;0;719;0;0;15;10;177,03;NABIJET_SOLAREM;NABIJET_SOLAREM;Bezny provoz EMS.;;;;;;;;;;
2026-04-10 21:20;480;0;-200;0;0;745;0;0;15;10;177,03;NABIJET_SOLAREM;NABIJET_SOLAREM;Bezny provoz EMS.;;;;;;;;;;
2026-04-10 21:25;600;0;-194;0;0;771;0;0;15;10;177,03;NABIJET_SOLAREM;NABIJET_SOLAREM;Bezny provoz EMS.;;;;;;;;;;
2026-04-10 21:30;600;0;-2052;0;0;796;0;0;15;17;158,01;NABIJET_SOLAREM;NABIJET_SOLAREM;Bezny provoz EMS.;;;;;;;;;;
2026-04-10 21:35;480;0;-193;0;0;822;0;0;15;17;158,01;NABIJET_SOLAREM;NABIJET_SOLAREM;Bezny provoz EMS.;;;;;;;;;;
2026-04-10 21:40;600;0;-274;0;0;848;0;0;15;17;158,01;NABIJET_SOLAREM;NABIJET_SOLAREM;Bezny provoz EMS.;;;;;;;;;;
2026-04-10 21:45;840;0;-262;0;0;873;0;0;15;17,2;136,82;NABIJET_SOLAREM;NABIJET_SOLAREM;Bezny provoz EMS.;;;;;;;;;;
2026-04-10 21:50;480;0;-172;0;0;899;0;0;15;17,2;136,82;NABIJET_SOLAREM;NABIJET_SOLAREM;Bezny provoz EMS.;;;;;;;;;;
2026-04-10 21:55;480;0;-175;0;0;925;0;0;15;17,2;136,82;NABIJET_SOLAREM;NABIJET_SOLAREM;Bezny provoz EMS.;;;;;;;;;;
2026-04-10 22:00;600;0;-2043;0;0;950;0;0;15;10;165,95;NABIJET_SOLAREM;NABIJET_SOLAREM;Bezny provoz EMS.;;;;;;;;;;
2026-04-10 22:05;480;0;-137;0;0;976;0;0;15;10;165,95;NABIJET_SOLAREM;NABIJET_SOLAREM;Bezny provoz EMS.;;;;;;;;;;
2026-04-10 22:10;480;0;-130;0;0;1002;0;0;15;10;165,95;NABIJET_SOLAREM;NABIJET_SOLAREM;Bezny provoz EMS.;;;;;;;;;;
2026-04-10 22:15;360;0;-238;0;0;985;0;0;15;10;150;NABIJET_SOLAREM;NABIJET_SOLAREM;Bezny provoz EMS.;;;;;;;;;;
2026-04-10 22:20;240;0;-238;0;0;1009;0;0;15;10;150;NABIJET_SOLAREM;NABIJET_SOLAREM;Bezny provoz EMS.;;;;;;;;;;
2026-04-10 22:25;240;0;-228;0;0;1034;0;0;15;10;150;NABIJET_SOLAREM;NABIJET_SOLAREM;Bezny provoz EMS.;;;;;;;;;;
2026-04-10 22:30;360;0;-328;0;0;1058;0;0;15;17,6;141,9;NABIJET_SOLAREM;NABIJET_SOLAREM;Bezny provoz EMS.;;;;;;;;;;
2026-04-10 22:35;240;0;-316;0;0;1083;0;0;15;17,6;141,9;NABIJET_SOLAREM;NABIJET_SOLAREM;Bezny provoz EMS.;;;;;;;;;;
2026-04-10 22:40;1080;0;-207;0;0;1108;0;0;15;17,6;141,9;NABIJET_SOLAREM;NABIJET_SOLAREM;Bezny provoz EMS.;;;;;;;;;;
2026-04-10 22:45;960;0;-208;0;0;1132;0;0;15;17,8;127,32;NABIJET_SOLAREM;NABIJET_SOLAREM;Bezny provoz EMS.;;;;;;;;;;
2026-04-10 22:50;360;0;-49;0;0;1157;0;0;15;17,8;127,32;NABIJET_SOLAREM;NABIJET_SOLAREM;Bezny provoz EMS.;;;;;;;;;;
2026-04-10 22:55;120;0;-49;0;0;1181;0;0;15;17,8;127,32;NABIJET_SOLAREM;NABIJET_SOLAREM;Bezny provoz EMS.;;;;;;;;;;
2026-04-10 23:00;120;0;-139;0;0;1206;0;0;15;18;139,1;NABIJET_SOLAREM;NABIJET_SOLAREM;Bezny provoz EMS.;;;;;;;;;;
2026-04-10 23:05;120;0;-136;0;0;1231;0;0;15;18;139,1;NABIJET_SOLAREM;NABIJET_SOLAREM;Bezny provoz EMS.;;;;;;;;;;
2026-04-10 23:10;120;0;-154;0;0;1255;0;0;15;18;139,1;NABIJET_SOLAREM;NABIJET_SOLAREM;Bezny provoz EMS.;;;;;;;;;;
2026-04-10 23:15;120;0;-153;0;0;1280;0;0;15;18,2;134,61;NABIJET_SOLAREM;NABIJET_SOLAREM;Bezny provoz EMS.;;;;;;;;;;
2026-04-10 23:20;240;0;-166;0;0;1304;0;0;15;18,2;134,61;NABIJET_SOLAREM;NABIJET_SOLAREM;Bezny provoz EMS.;;;;;;;;;;
2026-04-10 23:25;120;0;-158;0;0;1329;0;0;15;18,2;134,61;NABIJET_SOLAREM;NABIJET_SOLAREM;Bezny provoz EMS.;;;;;;;;;;
2026-04-10 23:30;240;0;-229;0;0;1354;0;0;15;18,4;132,2;NABIJET_SOLAREM;NABIJET_SOLAREM;Bezny provoz EMS.;;;;;;;;;;
2026-04-10 23:35;120;0;-127;0;0;1378;0;0;15;18,4;132,2;NABIJET_SOLAREM;NABIJET_SOLAREM;Bezny provoz EMS.;;;;;;;;;;
2026-04-10 23:40;240;0;-124;0;0;1403;0;0;15;18,4;132,2;NABIJET_SOLAREM;NABIJET_SOLAREM;Bezny provoz EMS.;;;;;;;;;;
2026-04-10 23:45;105;0;-105;0;0;1427;0;0;15;18,6;127,48;NABIJET_SOLAREM;NABIJET_SOLAREM;Bezny provoz EMS.;;;;;;;;;;
2026-04-10 23:50;120;0;-106;0;0;1452;0;0;15;18,6;127,48;NABIJET_SOLAREM;NABIJET_SOLAREM;Bezny provoz EMS.;;;;;;;;;;
2026-04-10 23:55;120;0;-107;0;0;1477;0;0;15;18,6;127,48;NABIJET_SOLAREM;NABIJET_SOLAREM;Bezny provoz EMS.;;;;;;;;;;
2026-04-11 00:00;120;0;-106;0;0;1501;0;0;15;10;142,79;NABIJET_SOLAREM;NABIJET_SOLAREM;Bezny provoz EMS.;;;;;;;;;;
2026-04-11 00:05;120;0;-161;0;0;1526;0;0;15;10;142,79;NABIJET_SOLAREM;NABIJET_SOLAREM;Bezny provoz EMS.;;;;;;;;;;
2026-04-11 00:10;240;0;-280;0;0;1550;0;0;15;10;142,79;NABIJET_SOLAREM;NABIJET_SOLAREM;Bezny provoz EMS.;;;;;;;;;;
2026-04-11 00:15;240;0;-269;0;0;1575;0;0;15;18,9;130,13;NABIJET_SOLAREM;NABIJET_SOLAREM;Bezny provoz EMS.;;;;;;;;;;
2026-04-11 00:20;360;0;-260;0;0;1600;0;0;15;18,9;130,13;NABIJET_SOLAREM;NABIJET_SOLAREM;Bezny provoz EMS.;;;;;;;;;;
2026-04-11 00:25;120;0;-175;0;0;1624;0;0;15;18,9;130,13;NABIJET_SOLAREM;NABIJET_SOLAREM;Bezny provoz EMS.;;;;;;;;;;
2026-04-11 00:30;120;0;-111;0;0;1649;0;0;15;19,1;117,29;NABIJET_SOLAREM;NABIJET_SOLAREM;Bezny provoz EMS.;;;;;;;;;;
2026-04-11 00:35;111;0;-111;0;0;1673;0;0;15;19,1;117,29;NABIJET_SOLAREM;NABIJET_SOLAREM;Bezny provoz EMS.;;;;;;;;;;
2026-04-11 00:40;240;0;-51;0;0;1698;0;0;15;19,1;117,29;NABIJET_SOLAREM;NABIJET_SOLAREM;Bezny provoz EMS.;;;;;;;;;;
2026-04-11 00:45;49;0;-49;0;0;1723;0;0;15;19,3;111,94;NABIJET_SOLAREM;NABIJET_SOLAREM;Bezny provoz EMS.;;;;;;;;;;
2026-04-11 00:50;50;0;-50;0;0;1747;0;0;15;19,3;111,94;NABIJET_SOLAREM;NABIJET_SOLAREM;Bezny provoz EMS.;;;;;;;;;;
2026-04-11 00:55;120;0;-50;0;0;1772;0;0;15;19,3;111,94;NABIJET_SOLAREM;NABIJET_SOLAREM;Bezny provoz EMS.;;;;;;;;;;
2026-04-11 01:00;153;0;-153;0;0;1796;0;0;15;10;130,85;NABIJET_SOLAREM;NABIJET_SOLAREM;Bezny provoz EMS.;;;;;;;;;;
2026-04-11 01:05;240;0;-197;0;0;1821;0;0;15;10;130,85;NABIJET_SOLAREM;NABIJET_SOLAREM;Bezny provoz EMS.;;;;;;;;;;
2026-04-11 01:10;240;0;-209;0;0;1846;0;0;15;10;130,85;NABIJET_SOLAREM;NABIJET_SOLAREM;Bezny provoz EMS.;;;;;;;;;;
2026-04-11 01:15;120;0;-121;0;0;0;0;0;15;10;127,48;NORMALNI_PROVOZ;NORMALNI_PROVOZ;Bezny provoz EMS.;;;;;;;;;;
2026-04-11 01:20;120;0;-212;0;0;0;0;0;15;10;127,48;NORMALNI_PROVOZ;NORMALNI_PROVOZ;Bezny provoz EMS.;;;;;;;;;;
2026-04-11 01:25;240;0;-206;0;0;0;0;0;15;10;127,48;NORMALNI_PROVOZ;NORMALNI_PROVOZ;Bezny provoz EMS.;;;;;;;;;;
2026-04-11 01:30;240;0;-206;0;0;0;0;0;15;15;118,12;NORMALNI_PROVOZ;NORMALNI_PROVOZ;Bezny provoz EMS.;;;;;;;;;;
2026-04-11 01:35;240;0;-204;0;0;0;0;0;15;15;118,12;NORMALNI_PROVOZ;NORMALNI_PROVOZ;Bezny provoz EMS.;;;;;;;;;;
2026-04-11 01:40;120;0;-101;0;0;0;0;0;15;15;118,12;NORMALNI_PROVOZ;NORMALNI_PROVOZ;Bezny provoz EMS.;;;;;;;;;;
2026-04-11 01:45;120;0;-98;0;0;0;0;0;15;15;118,27;NORMALNI_PROVOZ;NORMALNI_PROVOZ;Bezny provoz EMS.;;;;;;;;;;
2026-04-11 01:50;120;0;-199;0;0;0;0;0;15;15;118,27;NORMALNI_PROVOZ;NORMALNI_PROVOZ;Bezny provoz EMS.;;;;;;;;;;
2026-04-11 01:55;240;0;-266;0;0;0;0;0;15;15;118,27;NORMALNI_PROVOZ;NORMALNI_PROVOZ;Bezny provoz EMS.;;;;;;;;;;
2026-04-11 02:00;240;0;-245;0;0;0;0;0;15;15;119,55;NORMALNI_PROVOZ;NORMALNI_PROVOZ;Bezny provoz EMS.;;;;;;;;;;
2026-04-11 02:05;240;0;-175;0;0;0;0;0;15;15;119,55;NORMALNI_PROVOZ;NORMALNI_PROVOZ;Bezny provoz EMS.;;;;;;;;;;
2026-04-11 02:10;120;0;-162;0;0;0;0;0;15;15;119,55;NORMALNI_PROVOZ;NORMALNI_PROVOZ;Bezny provoz EMS.;;;;;;;;;;
2026-04-11 02:15;120;0;-164;0;0;0;0;0;15;15;116,53;NORMALNI_PROVOZ;NORMALNI_PROVOZ;Bezny provoz EMS.;;;;;;;;;;
2026-04-11 02:20;240;0;-162;0;0;0;0;0;15;15;116,53;NORMALNI_PROVOZ;NORMALNI_PROVOZ;Bezny provoz EMS.;;;;;;;;;;
2026-04-11 02:25;120;0;-163;0;0;0;0;0;15;15;116,53;NORMALNI_PROVOZ;NORMALNI_PROVOZ;Bezny provoz EMS.;;;;;;;;;;
2026-04-11 02:30;120;0;-161;0;0;0;0;0;15;15;118,42;NORMALNI_PROVOZ;NORMALNI_PROVOZ;Bezny provoz EMS.;;;;;;;;;;
2026-04-11 02:35;240;0;-160;0;0;0;0;0;15;15;118,42;NORMALNI_PROVOZ;NORMALNI_PROVOZ;Bezny provoz EMS.;;;;;;;;;;
2026-04-11 02:40;120;0;-313;0;0;0;0;0;15;15;118,42;NORMALNI_PROVOZ;NORMALNI_PROVOZ;Bezny provoz EMS.;;;;;;;;;;
2026-04-11 02:45;360;0;-302;0;0;0;0;0;15;15;117,89;NORMALNI_PROVOZ;NORMALNI_PROVOZ;Bezny provoz EMS.;;;;;;;;;;
2026-04-11 02:50;240;0;-336;0;0;0;0;0;15;15;117,89;NORMALNI_PROVOZ;NORMALNI_PROVOZ;Bezny provoz EMS.;;;;;;;;;;
2026-04-11 02:55;240;0;-206;0;0;0;0;0;15;15;117,89;NORMALNI_PROVOZ;NORMALNI_PROVOZ;Bezny provoz EMS.;;;;;;;;;;
2026-04-11 03:00;240;0;-210;0;0;0;0;0;15;10;120,04;NORMALNI_PROVOZ;NORMALNI_PROVOZ;Bezny provoz EMS.;;;;;;;;;;
2026-04-11 03:05;210;0;-210;0;0;0;0;0;15;10;120,04;NORMALNI_PROVOZ;NORMALNI_PROVOZ;Bezny provoz EMS.;;;;;;;;;;
2026-04-11 03:10;480;0;-203;0;0;0;0;0;15;10;120,04;NORMALNI_PROVOZ;NORMALNI_PROVOZ;Bezny provoz EMS.;;;;;;;;;;
2026-04-11 03:15;120;0;-205;0;0;0;0;0;15;15;117,32;NORMALNI_PROVOZ;NORMALNI_PROVOZ;Bezny provoz EMS.;;;;;;;;;;
2026-04-11 03:20;240;0;-99;0;0;0;0;0;15;15;117,32;NORMALNI_PROVOZ;NORMALNI_PROVOZ;Bezny provoz EMS.;;;;;;;;;;
2026-04-11 03:25;99;0;-99;0;0;0;0;0;15;15;117,32;NORMALNI_PROVOZ;NORMALNI_PROVOZ;Bezny provoz EMS.;;;;;;;;;;
2026-04-11 03:30;240;0;-294;0;0;0;0;0;15;15;118,32;NORMALNI_PROVOZ;NORMALNI_PROVOZ;Bezny provoz EMS.;;;;;;;;;;
2026-04-11 03:35;294;0;-294;0;0;0;0;0;15;15;118,32;NORMALNI_PROVOZ;NORMALNI_PROVOZ;Bezny provoz EMS.;;;;;;;;;;
2026-04-11 03:40;600;0;-358;0;0;0;0;0;15;15;118,32;NORMALNI_PROVOZ;NORMALNI_PROVOZ;Bezny provoz EMS.;;;;;;;;;;
2026-04-11 03:45;360;0;-262;0;0;0;0;0;15;15;114,47;NORMALNI_PROVOZ;NORMALNI_PROVOZ;Bezny provoz EMS.;;;;;;;;;;
2026-04-11 03:50;240;0;-185;0;0;0;0;0;15;15;114,47;NORMALNI_PROVOZ;NORMALNI_PROVOZ;Bezny provoz EMS.;;;;;;;;;;
2026-04-11 03:55;240;0;-99;0;0;0;0;0;15;15;114,47;NORMALNI_PROVOZ;NORMALNI_PROVOZ;Bezny provoz EMS.;;;;;;;;;;
2026-04-11 04:00;120;0;-106;0;0;0;0;0;15;10;119,04;NORMALNI_PROVOZ;NORMALNI_PROVOZ;Bezny provoz EMS.;;;;;;;;;;
2026-04-11 04:05;120;0;-118;0;0;0;0;0;15;10;119,04;NORMALNI_PROVOZ;NORMALNI_PROVOZ;Bezny provoz EMS.;;;;;;;;;;
2026-04-11 04:10;120;0;-118;0;0;0;0;0;15;10;119,04;NORMALNI_PROVOZ;NORMALNI_PROVOZ;Bezny provoz EMS.;;;;;;;;;;
2026-04-11 04:15;120;0;-118;0;0;0;0;0;15;10;118,28;NORMALNI_PROVOZ;NORMALNI_PROVOZ;Bezny provoz EMS.;;;;;;;;;;
2026-04-11 04:20;120;0;-222;0;0;0;0;0;15;10;118,28;NORMALNI_PROVOZ;NORMALNI_PROVOZ;Bezny provoz EMS.;;;;;;;;;;
2026-04-11 04:25;222;0;-222;0;0;0;0;0;15;10;118,28;NORMALNI_PROVOZ;NORMALNI_PROVOZ;Bezny provoz EMS.;;;;;;;;;;
2026-04-11 04:30;480;0;-264;0;0;0;0;0;15;15;116,94;NORMALNI_PROVOZ;NORMALNI_PROVOZ;Bezny provoz EMS.;;;;;;;;;;
2026-04-11 04:35;264;0;-264;0;0;0;0;0;15;15;116,94;NORMALNI_PROVOZ;NORMALNI_PROVOZ;Bezny provoz EMS.;;;;;;;;;;
2026-04-11 04:40;360;0;-175;0;0;0;0;0;15;15;116,94;NORMALNI_PROVOZ;NORMALNI_PROVOZ;Bezny provoz EMS.;;;;;;;;;;
2026-04-11 04:45;175;0;-175;0;0;0;0;0;15;15;112,06;NORMALNI_PROVOZ;NORMALNI_PROVOZ;Bezny provoz EMS.;;;;;;;;;;
2026-04-11 04:50;480;0;-177;0;0;0;0;0;15;15;112,06;NORMALNI_PROVOZ;NORMALNI_PROVOZ;Bezny provoz EMS.;;;;;;;;;;
2026-04-11 04:55;177;0;-177;0;0;0;0;0;15;15;112,06;NORMALNI_PROVOZ;NORMALNI_PROVOZ;Bezny provoz EMS.;;;;;;;;;;
2026-04-11 05:00;240;0;-174;0;0;0;0;0;15;10;117,63;NORMALNI_PROVOZ;NORMALNI_PROVOZ;Bezny provoz EMS.;;;;;;;;;;
2026-04-11 05:05;174;0;-174;0;0;0;0;0;15;10;117,63;NORMALNI_PROVOZ;NORMALNI_PROVOZ;Bezny provoz EMS.;;;;;;;;;;
2026-04-11 05:10;360;0;-262;0;0;0;0;0;15;10;117,63;NORMALNI_PROVOZ;NORMALNI_PROVOZ;Bezny provoz EMS.;;;;;;;;;;
2026-04-11 05:15;240;0;-248;0;0;0;0;0;15;15;112,97;NORMALNI_PROVOZ;NORMALNI_PROVOZ;Bezny provoz EMS.;;;;;;;;;;
2026-04-11 05:20;240;0;-188;0;0;0;0;0;15;15;112,97;NORMALNI_PROVOZ;NORMALNI_PROVOZ;Bezny provoz EMS.;;;;;;;;;;
2026-04-11 05:25;188;0;-188;0;0;0;0;0;15;15;112,97;NORMALNI_PROVOZ;NORMALNI_PROVOZ;Bezny provoz EMS.;;;;;;;;;;
2026-04-11 05:30;360;0;-118;0;0;0;0;0;15;15;112,93;NORMALNI_PROVOZ;NORMALNI_PROVOZ;Bezny provoz EMS.;;;;;;;;;;
2026-04-11 05:35;118;0;-118;0;0;0;0;0;15;15;112,93;NORMALNI_PROVOZ;NORMALNI_PROVOZ;Bezny provoz EMS.;;;;;;;;;;
2026-04-11 05:40;240;0;-118;0;0;0;0;0;15;15;112,93;NORMALNI_PROVOZ;NORMALNI_PROVOZ;Bezny provoz EMS.;;;;;;;;;;
2026-04-11 05:45;120;0;-205;0;0;0;0;0;15;15;111,4;NORMALNI_PROVOZ;NORMALNI_PROVOZ;Bezny provoz EMS.;;;;;;;;;;
2026-04-11 05:50;240;0;-205;0;0;0;0;0;15;15;111,4;NORMALNI_PROVOZ;NORMALNI_PROVOZ;Bezny provoz EMS.;;;;;;;;;;
2026-04-11 05:55;205;0;-205;0;0;0;0;0;15;15;111,4;NORMALNI_PROVOZ;NORMALNI_PROVOZ;Bezny provoz EMS.;;;;;;;;;;
2026-04-11 06:00;360;0;-285;0;0;0;0;-23;15;15;112,4;NORMALNI_PROVOZ;NORMALNI_PROVOZ;Bezny provoz EMS.;;;;;;;;;;
2026-04-11 06:05;240;0;-330;34;0;0;0;0;15;15;112,4;NORMALNI_PROVOZ;NORMALNI_PROVOZ;Bezny provoz EMS.;;;;;;;;;;
2026-04-11 06:10;240;0;-175;61;73;0;0;0;15;15;112,4;NORMALNI_PROVOZ;NORMALNI_PROVOZ;Bezny provoz EMS.;;;;;;;;;;
2026-04-11 06:15;120;0;0;105;130;0;0;0;15;15;114,01;NORMALNI_PROVOZ;NORMALNI_PROVOZ;Bezny provoz EMS.;;;;;;;;;;
2026-04-11 06:20;137;0;0;137;155;0;0;0;15;15;114,01;NORMALNI_PROVOZ;NORMALNI_PROVOZ;Bezny provoz EMS.;;;;;;;;;;
2026-04-11 06:25;137;0;0;137;155;0;0;0;15;15;114,01;NORMALNI_PROVOZ;NORMALNI_PROVOZ;Bezny provoz EMS.;;;;;;;;;;
2026-04-11 06:30;120;0;0;157;243;0;0;0;15;15;113,53;NORMALNI_PROVOZ;NORMALNI_PROVOZ;Bezny provoz EMS.;;;;;;;;;;
2026-04-11 06:35;157;0;0;157;243;0;0;0;15;15;113,53;NORMALNI_PROVOZ;NORMALNI_PROVOZ;Bezny provoz EMS.;;;;;;;;;;
2026-04-11 06:40;167;0;0;167;265;0;0;0;15;15;113,53;NORMALNI_PROVOZ;NORMALNI_PROVOZ;Bezny provoz EMS.;;;;;;;;;;
2026-04-11 06:45;162;0;0;162;378;0;0;118;15;15;107,31;NORMALNI_PROVOZ;NORMALNI_PROVOZ;Bezny provoz EMS.;;;;;;;;;;
2026-04-11 06:50;216;0;0;216;437;0;0;118;15;15;107,31;NORMALNI_PROVOZ;NORMALNI_PROVOZ;Bezny provoz EMS.;;;;;;;;;;
2026-04-11 06:55;310;0;0;310;507;0;0;94;15;15;107,31;NORMALNI_PROVOZ;NORMALNI_PROVOZ;Bezny provoz EMS.;;;;;;;;;;
2026-04-11 07:00;292;0;-53;239;532;3471;0;213;15;10;116,02;NABIJET_SOLAREM;NABIJET_SOLAREM;Bezny provoz EMS.;;;;;;;;;;
2026-04-11 07:05;292;0;-53;239;532;3613;0;213;15;10;116,02;NABIJET_SOLAREM;NABIJET_SOLAREM;Bezny provoz EMS.;;;;;;;;;;
2026-04-11 07:10;120;0;0;209;758;3755;0;452;16;10;116,02;NABIJET_SOLAREM;NABIJET_SOLAREM;Bezny provoz EMS.;;;;;;;;;;
2026-04-11 07:15;211;0;0;211;1199;3897;0;814;16;10;112,58;NABIJET_SOLAREM;NABIJET_SOLAREM;Bezny provoz EMS.;;;;;;;;;;
2026-04-11 07:20;231;0;0;231;1397;4039;0;1009;17;10;112,58;NABIJET_SOLAREM;NABIJET_SOLAREM;Bezny provoz EMS.;;;;;;;;;;
2026-04-11 07:25;231;0;0;231;1397;4430;0;1009;17;10;112,58;NABIJET_SOLAREM;NABIJET_SOLAREM;Bezny provoz EMS.;;;;;;;;;;
2026-04-11 07:30;215;0;0;215;1708;4599;0;1274;18;22,2;96,19;NABIJET_SOLAREM;NABIJET_SOLAREM;Bezny provoz EMS.;;;;;;;;;;
2026-04-11 07:35;223;0;0;223;1733;4768;0;1402;19;22,2;96,19;NABIJET_SOLAREM;NABIJET_SOLAREM;Bezny provoz EMS.;;;;;;;;;;
2026-04-11 07:40;223;0;0;223;1733;4937;0;1402;19;22,2;96,19;NABIJET_SOLAREM;NABIJET_SOLAREM;Bezny provoz EMS.;;;;;;;;;;
2026-04-11 07:45;120;0;0;325;2154;5106;0;1627;21;31,8;70,51;NABIJET_SOLAREM;NABIJET_SOLAREM;Bezny provoz EMS.;;;;;;;;;;
2026-04-11 07:50;268;0;0;268;2289;5274;0;1824;22;33,8;70,51;NABIJET_SOLAREM;NABIJET_SOLAREM;Bezny provoz EMS.;;;;;;;;;;
2026-04-11 07:55;268;0;0;268;2289;5443;0;1824;22;34,8;70,51;NABIJET_SOLAREM;NABIJET_SOLAREM;Bezny provoz EMS.;;;;;;;;;;
2026-04-11 08:00;241;0;0;241;2556;5612;0;2098;25;10;109,19;NABIJET_SOLAREM;NABIJET_SOLAREM;Bezny provoz EMS.;;;;;;;;;;
2026-04-11 08:05;241;0;0;241;2556;5697;148;2098;25;10;109,19;NABIJET_SOLAREM;NABIJET_SOLAREM;Bezny provoz EMS.;;;;;;;;;;
2026-04-11 08:10;2118;0;0;2118;2771;5781;295;433;27;10;109,19;NABIJET_SOLAREM;NABIJET_SOLAREM;Bezny provoz EMS.;;;;;;;;;;
2026-04-11 08:15;120;0;75;2263;2861;5866;442;458;28;10;92,89;NABIJET_SOLAREM;NABIJET_SOLAREM;Bezny provoz EMS.;;;;;;;;;;
2026-04-11 08:20;256;0;0;256;4113;5950;590;3623;31;10;92,89;NABIJET_SOLAREM;NABIJET_SOLAREM;Bezny provoz EMS.;;;;;;;;;;
2026-04-11 08:25;256;0;0;256;4113;6035;738;3623;31;10;92,89;NABIJET_SOLAREM;NABIJET_SOLAREM;Bezny provoz EMS.;;;;;;;;;;
2026-04-11 08:30;1970;0;0;1970;4637;6120;885;2300;35;10;66,92;NABIJET_SOLAREM;NABIJET_SOLAREM;Bezny provoz EMS.;;;;;;;;;;
2026-04-11 08:35;1970;0;0;1970;4637;6204;1032;2300;35;10;66,92;NABIJET_SOLAREM;NABIJET_SOLAREM;Bezny provoz EMS.;;;;;;;;;;
2026-04-11 08:40;120;0;-68;2163;5043;6289;1180;2574;40;10;66,92;NABIJET_SOLAREM;NABIJET_SOLAREM;Bezny provoz EMS.;;;;;;;;;;
2026-04-11 08:45;2231;0;-68;2163;5043;6373;1328;2574;40;35;23,96;NABIJET_SOLAREM;NABIJET_SOLAREM;Bezny provoz EMS.;;;;;;;;;;
2026-04-11 08:50;2387;0;0;2387;5499;6458;1475;2723;47;35;23,96;NABIJET_SOLAREM;NABIJET_SOLAREM;Bezny provoz EMS.;;;;;;;;;;
2026-04-11 08:55;2387;0;0;2387;5499;6542;1622;2723;47;35;23,96;NABIJET_SOLAREM;NABIJET_SOLAREM;Bezny provoz EMS.;;;;;;;;;;
2026-04-11 09:00;234;0;0;234;5863;6627;1770;5236;53;22;57,78;NABIJET_SOLAREM;NABIJET_SOLAREM;Bezny provoz EMS.;;;;;;;;;;
2026-04-11 09:05;234;0;0;234;5863;6643;1844;5236;53;28;57,78;NABIJET_SOLAREM;NABIJET_SOLAREM;Bezny provoz EMS.;;;;;;;;;;
2026-04-11 09:08;233;0;0;233;5973;5870;0;5334;57;28;57,78;NABIJET_SOLAREM;NABIJET_SOLAREM;Bezny provoz EMS.;;;;;;;;;;
2026-04-11 09:12;120;0;0;296;6119;6158;0;5440;61;32;57,78;NABIJET_SOLAREM;NABIJET_SOLAREM;Bezny provoz EMS.;;;;;;;;;;
2026-04-11 09:15;373;0;49;422;6134;6285;0;5352;66;36;22,46;NABIJET_SOLAREM;NABIJET_SOLAREM;Bezny provoz EMS.;;;;;;;;;;
2026-04-11 09:20;373;0;49;422;6134;6347;0;5352;66;41;22,46;NABIJET_SOLAREM;NABIJET_SOLAREM;Bezny provoz EMS.;;;;;;;;;;
2026-04-11 09:25;325;0;0;325;6260;6383;0;5563;70;41;22,46;NABIJET_SOLAREM;NABIJET_SOLAREM;Bezny provoz EMS.;;;;;;;;;;
2026-04-11 09:36;329;0;450;779;6630;6442;13735;5492;86;45;8;PRODAVAT_Z_BATERII;PRODAVAT_Z_BATERII;Vysoka cena (8.00 EUR), vyuziti kapacity pro zisk.;;;;;;;;;;
2026-04-11 09:40;329;0;450;779;6630;6521;6672;5492;86;61;8;PRODAVAT_Z_BATERII;PRODAVAT_Z_BATERII;Vysoka cena (8.00 EUR), vyuziti kapacity pro zisk.;;;;;;;;;;
2026-04-11 09:45;4687;0;0;4687;6758;6576;5643;1691;93;61;0,01;NABIJET_SOLAREM;NABIJET_SOLAREM;Bezny provoz EMS.;;;;;;;;;;
2026-04-11 09:51;120;0;1741;6359;6832;6790;2512;0;95;68;0,01;NABIJET_SOLAREM;NABIJET_SOLAREM;Bezny provoz EMS.;;;;;;;;;;
2026-04-13 08:17;2080;0;0;2080;1564;1630;548;-712;21;25;158,27;NABIJET_SOLAREM;NABIJET_SOLAREM;Bezny provoz EMS. | Bojler: CEKA;1;1;1630;548;0;;;;;
2026-04-13 08:20;2080;0;0;2080;1564;1655;590;-712;21;10;158,27;NABIJET_SOLAREM;NABIJET_SOLAREM;Bezny provoz EMS. | Bojler: CEKA;0,96;2,85;1588;1684;0;;;;;
2026-04-13 08:25;195;0;0;195;1661;1680;632;1277;21;10;158,27;NABIJET_SOLAREM;NABIJET_SOLAREM;Bezny provoz EMS. | Bojler: CEKA;0,95;2,75;1599;1739;0;;;;;
2026-04-13 08:30;468;0;0;468;1682;1704;675;1056;21;25,1;138,64;NABIJET_SOLAREM;NABIJET_SOLAREM;Bezny provoz EMS. | Bojler: CEKA;0,96;2,71;1644;1826;0;;;;;
2026-04-13 08:35;120;0;0;2143;1687;1728;718;-616;21;25,1;138,64;NABIJET_SOLAREM;NABIJET_SOLAREM;Bezny provoz EMS. | Bojler: CEKA;0,97;2,65;1677;1899;0;;;;;
2026-04-13 08:40;4807;0;0;4807;1671;1753;760;-3480;20;25,1;138,64;NABIJET_SOLAREM;NABIJET_SOLAREM;Bezny provoz EMS. | Bojler: CEKA;0,97;2,58;1703;1960;0;;;;;
2026-04-13 08:47;120;0;441;4652;1730;1778;802;-3722;17;24,3;105,29;NABIJET_SOLAREM;NABIJET_SOLAREM;Bezny provoz EMS. | Bojler: CEKA;0,97;2,51;1721;2011;0;;;;;
2026-04-13 08:50;4211;0;441;4652;1730;1802;845;-3722;17;21,3;105,29;NABIJET_SOLAREM;NABIJET_SOLAREM;Bezny provoz EMS. | Bojler: CEKA;0,97;2,45;1746;2067;0;;;;;
2026-04-13 08:55;840;0;-3431;1550;1690;1826;888;0;15;21,3;105,29;NABIJET_SOLAREM;NABIJET_SOLAREM;Bezny provoz EMS. | Bojler: CEKA;0,97;2,39;1768;2117;0;;;;;
2026-04-13 09:00;3000;0;-1410;1537;1673;1851;930;0;15;10;151,62;NABIJET_SOLAREM;NABIJET_SOLAREM;Bezny provoz EMS. | Bojler: CEKA;1;1;1851;930;0;;;;;
2026-04-13 09:05;1440;0;-1351;1592;1736;1868;964;0;15;10;151,62;NABIJET_SOLAREM;NABIJET_SOLAREM;Bezny provoz EMS. | Bojler: CEKA;0,9;1,8;1689;1734;0;;;;;
2026-04-13 09:10;1320;0;-1682;1390;1513;1886;998;0;15;10;151,62;NABIJET_SOLAREM;NABIJET_SOLAREM;Bezny provoz EMS. | Bojler: CEKA;0,92;1,8;1729;1797;0;;;;;
2026-04-13 09:15;1920;0;-1649;1362;1483;1904;1032;0;15;10;106,53;NABIJET_SOLAREM;NABIJET_SOLAREM;Bezny provoz EMS. | Bojler: CEKA;0,88;1,7;1672;1757;0;;;;;
2026-04-13 09:20;1560;0;-1561;1562;1728;1921;1067;0;15;10;106,53;NABIJET_SOLAREM;NABIJET_SOLAREM;Bezny provoz EMS. | Bojler: CEKA;0,85;1,63;1639;1741;0;;;;;
2026-04-13 09:25;1560;0;0;1383;1918;1938;1101;328;15;10;106,53;NABIJET_SOLAREM;NABIJET_SOLAREM;Bezny provoz EMS. | Bojler: CEKA;0,86;1,63;1672;1794;0;;;;;
2026-04-13 09:31;240;0;0;1330;2575;1956;1135;953;17;14,3;93,53;NABIJET_SOLAREM;NABIJET_SOLAREM;Bezny provoz EMS. | Bojler: ZAPNUT (Optimalizovano);0,88;1,65;1729;1873;1;;;;;
2026-04-13 09:35;1330;0;0;1330;2575;1974;1169;953;17;21,6;93,53;NABIJET_SOLAREM;NABIJET_SOLAREM;Bezny provoz EMS. | Bojler: NAHRATO (Blokovano);0,95;1,75;1870;2043;0;;;;;
2026-04-13 09:40;1274;0;52;1326;2947;1991;1203;1271;17;16,9;93,53;NABIJET_SOLAREM;NABIJET_SOLAREM;Bezny provoz EMS. | Bojler: ZAPNUT (Optimalizovano);0,99;1,81;1978;2179;1;;;;;
2026-04-13 09:46;5592;0;0;5592;3683;2009;1238;-2340;17;17,3;57,86;NABIJET_SOLAREM;NABIJET_SOLAREM;Bezny provoz EMS. | Bojler: ZAPNUT (Optimalizovano);1,05;1,89;2108;2340;1;;;;;
2026-04-13 09:51;120;0;0;5595;5070;2026;1272;-967;16;22,7;57,86;NABIJET_SOLAREM;NABIJET_SOLAREM;Bezny provoz EMS. | Bojler: NAHRATO (Blokovano);1,13;2,01;2292;2562;0;;;;;
2026-04-13 09:55;5595;0;0;5595;5070;2043;1306;-967;16;17,3;57,86;NABIJET_SOLAREM;NABIJET_SOLAREM;Bezny provoz EMS. | Bojler: ZAPNUT (Optimalizovano);1,26;2,22;2578;2901;1;;;;;
2026-04-13 10:00;1320;0;-2682;2899;3116;2061;1340;0;15;10;95,16;NABIJET_SOLAREM;NABIJET_SOLAREM;Bezny provoz EMS. | Bojler: NAHRATO (Blokovano);1;1;2061;1340;0;;;;;
2026-04-13 10:05;2640;0;-4398;3115;3351;2068;1369;0;15;17,8;95,16;NABIJET_SOLAREM;NABIJET_SOLAREM;Bezny provoz EMS. | Bojler: ZAPNUT (Optimalizovano);1,51;2,33;3127;3184;1;;;;;
2026-04-13 10:10;3720;0;-2938;3726;3998;2075;1398;0;15;18,1;95,16;NABIJET_SOLAREM;NABIJET_SOLAREM;Bezny provoz EMS. | Bojler: ZAPNUT (Optimalizovano);1,57;2,39;3250;3338;1;;;;;
2026-04-13 10:15;2760;0;-2002;4462;4780;2082;1428;0;15;18,8;79,91;NABIJET_SOLAREM;NABIJET_SOLAREM;Bezny provoz EMS. | Bojler: ZAPNUT (Optimalizovano);1,69;2,55;3512;3637;1;;;;;
2026-04-13 10:20;2160;0;-1622;4950;5300;2089;1457;0;15;19,6;79,91;NABIJET_SOLAREM;NABIJET_SOLAREM;Bezny provoz EMS. | Bojler: ZAPNUT (Optimalizovano);1,84;2,75;3844;4012;1;;;;;
2026-04-13 10:25;1080;0;-549;6034;6468;2096;1486;0;15;10;79,91;NABIJET_SOLAREM;NABIJET_SOLAREM;Bezny provoz EMS. | Bojler: NAHRATO (Blokovano);1,98;2,94;4151;4366;0;;;;;
2026-04-13 10:31;600;0;0;4395;4559;2104;1515;-211;16;21,4;63,11;NABIJET_SOLAREM;NABIJET_SOLAREM;Bezny provoz EMS. | Bojler: ZAPNUT (Optimalizovano);2,17;3,19;4556;4827;1;;;;;
2026-04-13 10:35;4395;0;0;4395;4559;2111;1544;-211;16;22,4;63,11;NABIJET_SOLAREM;NABIJET_SOLAREM;Bezny provoz EMS. | Bojler: ZAPNUT (Optimalizovano);2,17;3,16;4572;4879;1;;;;;
2026-04-13 10:40;4285;0;-766;3519;3841;2118;1573;0;15;22,4;63,11;NABIJET_SOLAREM;NABIJET_SOLAREM;Bezny provoz EMS. | Bojler: ZAPNUT (Optimalizovano);2,17;3,13;4585;4927;1;;;;;
2026-04-13 10:45;720;0;0;4372;4772;2125;1602;0;15;26,3;43,37;NABIJET_SOLAREM;NABIJET_SOLAREM;Bezny provoz EMS. | Bojler: NAHRATO (Blokovano);2,13;3,05;4517;4886;0;;;;;
2026-04-13 10:50;4359;0;0;4359;5331;2132;1632;471;16;21,4;43,37;NABIJET_SOLAREM;NABIJET_SOLAREM;Bezny provoz EMS. | Bojler: ZAPNUT (Optimalizovano);2,14;3,04;4558;4962;1;;;;;
2026-04-13 10:55;4488;0;0;4488;7708;2139;1661;2632;17;22,5;43,37;NABIJET_SOLAREM;NABIJET_SOLAREM;Bezny provoz EMS. | Bojler: ZAPNUT (Optimalizovano);2,17;3,06;4644;5088;1;;;;;
2026-04-13 11:02;2452;0;0;2452;6490;2146;1690;3603;22;17,4;77,69;NABIJET_SOLAREM;NABIJET_SOLAREM;Bezny provoz EMS. | Bojler: ZAPNUT (Optimalizovano);1;1;2146;1690;1;;;;;
2026-04-13 11:05;2452;0;0;2452;6490;2135;1712;3603;22;13,7;77,69;NABIJET_SOLAREM;NABIJET_SOLAREM;Bezny provoz EMS. | Bojler: CEKA;3,02;3,84;6457;6573;0;;;;;
2026-04-13 11:10;120;0;0;2474;5454;2124;1733;2583;24;13,6;77,69;NABIJET_SOLAREM;NABIJET_SOLAREM;Bezny provoz EMS. | Bojler: CEKA;3,03;3,82;6440;6613;0;;;;;
2026-04-13 11:15;2462;0;0;2462;3539;2113;1755;746;25;28,7;70,19;NABIJET_SOLAREM;NABIJET_SOLAREM;Bezny provoz EMS. | Bojler: ZAPNUT (Optimalizovano);2,88;3,59;6081;6300;1;;;;;
2026-04-13 11:20;2509;0;0;2509;3102;4352;1777;240;25;10;70,19;NABIJET_SOLAREM;NABIJET_SOLAREM;Bezny provoz EMS. | Bojler: CEKA;2,58;3,19;10000;5666;0;;;;;
2026-04-13 11:25;2463;0;0;2463;3319;4162;1798;552;26;10;70,19;NABIJET_SOLAREM;NABIJET_SOLAREM;Bezny provoz EMS. | Bojler: CEKA;1,95;2,89;8108;5203;0;;;;;
2026-04-13 11:31;120;0;0;2546;4294;3972;1820;1355;27;37,6;52,17;NABIJET_SOLAREM;NABIJET_SOLAREM;Bezny provoz EMS. | Bojler: ZAPNUT (Optimalizovano);1,67;2,71;6621;4938;1;;;;;
2026-04-13 11:35;2546;0;0;2546;4294;3781;1842;1355;27;37,5;52,17;NABIJET_SOLAREM;NABIJET_SOLAREM;Bezny provoz EMS. | Bojler: ZAPNUT (Optimalizovano);1,56;2,66;5885;4900;1;;;;;
2026-04-13 11:40;2757;0;0;2757;4458;3591;1863;1283;28;36,8;52,17;NABIJET_SOLAREM;NABIJET_SOLAREM;Bezny provoz EMS. | Bojler: ZAPNUT (Optimalizovano);1,49;2,62;5359;4878;1;;;;;
2026-04-13 11:46;120;0;0;2653;4643;3401;1885;1601;30;40,4;44,24;NABIJET_SOLAREM;NABIJET_SOLAREM;Bezny provoz EMS. | Bojler: NAHRATO (Blokovano);1,46;2,59;4967;4885;0;;;;;
2026-04-13 11:50;2653;0;0;2653;4643;3211;1907;1601;30;37,3;44,24;NABIJET_SOLAREM;NABIJET_SOLAREM;Bezny provoz EMS. | Bojler: ZAPNUT (Optimalizovano);1,45;2,58;4657;4916;1;;;;;
2026-04-13 11:55;2611;0;0;2611;4417;3021;1928;1381;31;37,3;44,24;NABIJET_SOLAREM;NABIJET_SOLAREM;Bezny provoz EMS. | Bojler: ZAPNUT (Optimalizovano);1,45;2,56;4380;4945;1;;;;;
2026-04-13 12:00;2583;0;0;2583;4740;2831;1950;1725;32;33,1;45,97;NABIJET_SOLAREM;NABIJET_SOLAREM;Bezny provoz EMS. | Bojler: ZAPNUT (Optimalizovano);1;1;2831;1950;1;;;;;
2026-04-13 12:05;2549;0;75;2624;4634;2819;0;1530;33;38,9;45,97;NABIJET_SOLAREM;NABIJET_SOLAREM;Bezny provoz EMS. | Bojler: ZAPNUT (Optimalizovano);1,67;2,43;4720;0;1;;;;;
2026-04-13 12:10;2588;0;0;2588;4378;2807;0;1356;35;39,7;45,97;NABIJET_SOLAREM;NABIJET_SOLAREM;Bezny provoz EMS. | Bojler: ZAPNUT (Optimalizovano);1,66;4,81;4657;0;1;;;;;
2026-04-13 12:15;120;0;44;2555;4264;2794;0;1308;36;46,4;35,54;NABIJET_SOLAREM;NABIJET_SOLAREM;Bezny provoz EMS. | Bojler: NAHRATO (Blokovano);1,63;6;4544;0;0;;;;;
2026-04-13 12:20;2581;0;0;2581;4153;2782;0;1186;37;47,2;35,54;NABIJET_SOLAREM;NABIJET_SOLAREM;Bezny provoz EMS. | Bojler: CEKA;1,6;6;4455;0;0;;;;;
2026-04-13 12:25;3179;0;0;3179;4837;2770;0;1210;37;48;35,54;NABIJET_SOLAREM;NABIJET_SOLAREM;Bezny provoz EMS. | Bojler: CEKA;1,58;6;4376;0;0;;;;;
2026-04-13 12:30;2608;0;0;2608;4102;2758;0;1136;38;48,1;37,56;NABIJET_SOLAREM;NABIJET_SOLAREM;Bezny provoz EMS. | Bojler: CEKA;1,61;6;4433;0;0;;;;;
2026-04-13 12:35;120;0;-55;4613;4570;2746;0;-334;38;49;37,56;NABIJET_SOLAREM;NABIJET_SOLAREM;Bezny provoz EMS. | Bojler: CEKA;1,59;6;4367;0;0;;;;;
2026-04-13 12:40;4661;0;0;4661;5384;2734;0;336;38;49;37,56;NABIJET_SOLAREM;NABIJET_SOLAREM;Bezny provoz EMS. | Bojler: CEKA;1,6;6;4372;0;0;;;;;
2026-04-13 12:45;120;0;-51;4448;5984;2722;0;1015;38;44,2;35,41;NABIJET_SOLAREM;NABIJET_SOLAREM;Bezny provoz EMS. | Bojler: ZAPNUT (Optimalizovano);1,64;6;4463;0;1;;;;;
2026-04-13 12:50;2323;0;0;2323;6117;2709;0;3295;40;49,5;35,41;NABIJET_SOLAREM;NABIJET_SOLAREM;Bezny provoz EMS. | Bojler: CEKA;1,69;6;4591;0;0;;;;;
2026-04-13 12:55;2399;0;0;2399;5882;2697;0;3047;43;51,9;35,41;NABIJET_SOLAREM;NABIJET_SOLAREM;Bezny provoz EMS. | Bojler: CEKA;1,74;6;4706;0;0;;;;;
2026-04-13 13:01;100;0;112;212;6164;2685;0;5552;46;49,7;50,42;NABIJET_SOLAREM;NABIJET_SOLAREM;Bezny provoz EMS. | Bojler: CEKA;1;1;2685;0;0;;;;;
2026-04-13 13:05;267;0;0;267;5631;2626;0;5135;50;61,4;50,42;NABIJET_SOLAREM;NABIJET_SOLAREM;Bezny provoz EMS. | Bojler: CEKA;2,3;1;6029;0;0;;;;;
2026-04-13 13:10;264;0;0;264;5410;2568;0;4785;54;64,9;50,42;NABIJET_SOLAREM;NABIJET_SOLAREM;Bezny provoz EMS. | Bojler: CEKA;2,22;1;5702;0;0;;;;;
2026-04-13 13:15;120;0;0;254;4869;2509;0;4252;57;67,7;45,25;NABIJET_SOLAREM;NABIJET_SOLAREM;Bezny provoz EMS. | Bojler: CEKA;2,18;1;5479;0;0;;;;;
2026-04-13 13:22;226;0;-43;183;3335;2450;0;2948;62;70,3;45,25;NABIJET_SOLAREM;NABIJET_SOLAREM;Bezny provoz EMS. | Bojler: CEKA;2,12;1;5207;0;0;;;;;
2026-04-13 13:25;226;0;-43;183;3335;2392;0;2948;62;74,4;45,25;NABIJET_SOLAREM;NABIJET_SOLAREM;Bezny provoz EMS. | Bojler: CEKA;1,98;1;4734;0;0;;;;;
2026-04-13 13:30;229;0;92;321;3295;2333;0;2602;64;73;45,91;NABIJET_SOLAREM;NABIJET_SOLAREM;Bezny provoz EMS. | Bojler: CEKA;1,89;1;4403;0;0;;;;;
2026-04-13 13:35;265;0;0;265;3234;2274;0;2702;66;74,6;45,91;NABIJET_SOLAREM;NABIJET_SOLAREM;Bezny provoz EMS. | Bojler: CEKA;1,82;1;4149;0;0;;;;;
2026-04-13 13:40;182;0;0;182;3159;2216;0;2703;68;76,4;45,91;NABIJET_SOLAREM;NABIJET_SOLAREM;Bezny provoz EMS. | Bojler: CEKA;1,78;1;3940;0;0;;;;;
2026-04-13 13:45;131;0;0;131;3065;2157;0;2604;70;77,4;54,58;NABIJET_SOLAREM;NABIJET_SOLAREM;Bezny provoz EMS. | Bojler: CEKA;1,74;1;3759;0;0;;;;;
2026-04-13 13:50;191;0;0;191;3098;2098;0;2631;72;79,2;54,58;NABIJET_SOLAREM;NABIJET_SOLAREM;Bezny provoz EMS. | Bojler: CEKA;1,71;1;3597;0;0;;;;;
2026-04-13 13:55;120;0;0;289;3074;2040;0;2505;74;81,1;54,58;NABIJET_SOLAREM;NABIJET_SOLAREM;Bezny provoz EMS. | Bojler: CEKA;1,7;1;3457;0;0;;;;;
2026-04-13 14:00;275;0;0;275;2808;1981;0;2303;75;79;40,85;NABIJET_SOLAREM;NABIJET_SOLAREM;Bezny provoz EMS. | Bojler: CEKA;1;1;1981;0;0;;;;;
2026-04-13 14:05;319;0;0;319;2886;1930;0;2308;77;82;40,85;NABIJET_SOLAREM;NABIJET_SOLAREM;Bezny provoz EMS. | Bojler: CEKA;1,42;1;2736;0;0;;;;;
2026-04-13 14:10;244;0;0;244;3082;1880;0;2561;78;84,2;40,85;NABIJET_SOLAREM;NABIJET_SOLAREM;Bezny provoz EMS. | Bojler: CEKA;1,46;1;2736;0;0;;;;;
2026-04-13 14:15;280;0;-52;228;3449;1829;0;2941;80;84,9;51,12;NABIJET_SOLAREM;NABIJET_SOLAREM;Bezny provoz EMS. | Bojler: CEKA;1,52;1;2771;0;0;;;;;
2026-04-13 14:20;120;0;0;232;3605;1778;0;3093;82;87,3;51,12;PRODAVAT_Z_BATERII;PRODAVAT_Z_BATERII;Vysoka cena (51.12 EUR), vyuziti kapacity pro zisk. | Bojler: CEKA;1,6;1;2852;0;0;;;;;
2026-04-13 14:25;237;0;0;237;3656;1383;0;3121;84;88,1;51,12;PRODAVAT_Z_BATERII;PRODAVAT_Z_BATERII;Vysoka cena (51.12 EUR), vyuziti kapacity pro zisk. | Bojler: CEKA;1,68;1;2330;0;0;;;;;
2026-04-13 14:30;227;0;0;227;3470;1352;0;2972;86;90,1;65,19;PRODAVAT_Z_BATERII;PRODAVAT_Z_BATERII;Vysoka cena (65.19 EUR), vyuziti kapacity pro zisk. | Bojler: CEKA;1,81;1;2445;0;0;;;;;
2026-04-13 14:35;230;0;0;230;3404;1322;0;2928;89;92,4;65,19;PRODAVAT_Z_BATERII;PRODAVAT_Z_BATERII;Vysoka cena (65.19 EUR), vyuziti kapacity pro zisk. | Bojler: CEKA;1,89;1;2501;0;0;;;;;
2026-04-13 14:40;205;0;0;205;3206;1291;0;2733;94;95,6;65,19;PRODAVAT_Z_BATERII;PRODAVAT_Z_BATERII;Vysoka cena (65.19 EUR), vyuziti kapacity pro zisk. | Bojler: CEKA;1,96;1;2529;0;0;;;;;
2026-04-13 14:45;2481;0;592;3073;3380;1260;0;0;95;97,1;67,03;PRODAVAT_Z_BATERII;PRODAVAT_Z_BATERII;Vysoka cena (67.03 EUR), vyuziti kapacity pro zisk. | Bojler: CEKA;2,01;1;2527;0;0;;;;;
2026-04-13 14:50;2517;0;323;2840;3119;1230;0;0;95;97,1;67,03;PRODAVAT_Z_BATERII;PRODAVAT_Z_BATERII;Vysoka cena (67.03 EUR), vyuziti kapacity pro zisk. | Bojler: CEKA;2,06;1;2531;0;0;;;;;
2026-04-13 14:55;2357;0;0;2357;2723;1199;0;72;94;97,1;67,03;PRODAVAT_Z_BATERII;PRODAVAT_Z_BATERII;Vysoka cena (67.03 EUR), vyuziti kapacity pro zisk. | Bojler: CEKA;2,09;1;2508;0;0;;;;;
2026-04-13 15:00;140;0;2224;2364;2592;1168;0;0;95;96,9;36,9;PRODAVAT_Z_BATERII;PRODAVAT_Z_BATERII;Vysoka cena (36.90 EUR), vyuziti kapacity pro zisk. | Bojler: CEKA;1;1;1168;0;0;;;;;
2026-04-13 15:05;134;0;2109;2243;2465;1140;0;0;95;100;36,9;PRODAVAT_Z_BATERII;PRODAVAT_Z_BATERII;Vysoka cena (36.90 EUR), vyuziti kapacity pro zisk. | Bojler: CEKA;2,22;1;2529;0;0;;;;;
2026-04-13 15:10;144;0;2038;2182;2398;1111;0;0;95;100;36,9;PRODAVAT_Z_BATERII;PRODAVAT_Z_BATERII;Vysoka cena (36.90 EUR), vyuziti kapacity pro zisk. | Bojler: CEKA;2,19;1;2434;0;0;;;;;
2026-04-13 15:15;144;0;2021;2165;2380;1082;0;0;95;100;68,37;PRODAVAT_Z_BATERII;PRODAVAT_Z_BATERII;Vysoka cena (68.37 EUR), vyuziti kapacity pro zisk. | Bojler: CEKA;2,18;1;2360;0;0;;;;;
2026-04-13 15:20;2049;0;121;2170;2403;1054;0;0;95;100;68,37;PRODAVAT_Z_BATERII;PRODAVAT_Z_BATERII;Vysoka cena (68.37 EUR), vyuziti kapacity pro zisk. | Bojler: CEKA;2,19;1;2303;0;0;;;;;
2026-04-13 15:25;2179;0;0;2179;2464;1026;0;120;94;100;68,37;PRODAVAT_Z_BATERII;PRODAVAT_Z_BATERII;Vysoka cena (68.37 EUR), vyuziti kapacity pro zisk. | Bojler: CEKA;2,2;1;2259;0;0;;;;;
2026-04-13 15:30;2204;0;0;2204;2398;997;0;-48;94;99,6;73,6;PRODAVAT_Z_BATERII;PRODAVAT_Z_BATERII;Vysoka cena (73.60 EUR), vyuziti kapacity pro zisk. | Bojler: CEKA;2,23;1;2227;0;0;;;;;
2026-04-13 15:35;2182;0;-56;2126;2366;968;0;0;95;99,6;73,6;PRODAVAT_Z_BATERII;PRODAVAT_Z_BATERII;Vysoka cena (73.60 EUR), vyuziti kapacity pro zisk. | Bojler: CEKA;2,26;1;2185;0;0;;;;;
2026-04-13 15:41;2215;0;0;2215;2130;940;0;-312;94;100;73,6;PRODAVAT_Z_BATERII;PRODAVAT_Z_BATERII;Vysoka cena (73.60 EUR), vyuziti kapacity pro zisk. | Bojler: CEKA;2,28;1;2141;0;0;;;;;
2026-04-13 15:45;2215;0;0;2215;2130;912;0;-312;94;97,9;84,73;PRODAVAT_Z_BATERII;PRODAVAT_Z_BATERII;Vysoka cena (84.73 EUR), vyuziti kapacity pro zisk. | Bojler: CEKA;2,28;1;2075;0;0;;;;;
2026-04-13 15:50;2316;0;0;2316;1980;883;0;-551;94;97,9;84,73;PRODAVAT_Z_BATERII;PRODAVAT_Z_BATERII;Vysoka cena (84.73 EUR), vyuziti kapacity pro zisk. | Bojler: CEKA;2,28;1;2015;0;0;;;;;
2026-04-13 15:55;2119;0;0;2119;1979;854;0;-359;93;97,9;84,73;PRODAVAT_Z_BATERII;PRODAVAT_Z_BATERII;Vysoka cena (84.73 EUR), vyuziti kapacity pro zisk. | Bojler: CEKA;2,28;1;1947;0;0;;;;;
2026-04-13 16:01;198;0;0;198;1931;826;0;1495;94;96,5;58,82;PRODAVAT_Z_BATERII;PRODAVAT_Z_BATERII;Vysoka cena (58.82 EUR), vyuziti kapacity pro zisk. | Bojler: CEKA;1;1;826;0;0;;;;;
2026-04-13 16:05;162;0;1584;1746;1920;797;0;0;95;98,8;58,82;PRODAVAT_Z_BATERII;PRODAVAT_Z_BATERII;Vysoka cena (58.82 EUR), vyuziti kapacity pro zisk. | Bojler: CEKA;2,34;1;1863;0;0;;;;;
2026-04-13 16:10;130;0;1741;1871;2057;768;0;0;95;99,9;58,82;PRODAVAT_Z_BATERII;PRODAVAT_Z_BATERII;Vysoka cena (58.82 EUR), vyuziti kapacity pro zisk. | Bojler: CEKA;2,37;1;1823;0;0;;;;;
2026-04-13 16:15;265;0;1724;1989;2187;739;0;0;95;99,6;87,29;PRODAVAT_Z_BATERII;PRODAVAT_Z_BATERII;Vysoka cena (87.29 EUR), vyuziti kapacity pro zisk. | Bojler: CEKA;2,47;1;1827;0;0;;;;;
2026-04-13 16:20;310;0;1702;2012;2217;710;0;0;95;99,8;87,29;PRODAVAT_Z_BATERII;PRODAVAT_Z_BATERII;Vysoka cena (87.29 EUR), vyuziti kapacity pro zisk. | Bojler: CEKA;2,59;1;1837;0;0;;;;;
2026-04-13 16:25;282;0;1661;1943;2153;681;0;0;95;100;87,29;PRODAVAT_Z_BATERII;PRODAVAT_Z_BATERII;Vysoka cena (87.29 EUR), vyuziti kapacity pro zisk. | Bojler: CEKA;2,69;1;1830;0;0;;;;;
2026-04-13 16:30;74;0;1595;1669;1861;652;0;0;95;99,5;111,66;PRODAVAT_Z_BATERII;PRODAVAT_Z_BATERII;Vysoka cena (111.66 EUR), vyuziti kapacity pro zisk. | Bojler: CEKA;2,76;1;1799;0;0;;;;;
2026-04-13 16:35;272;0;1474;1746;1934;624;0;0;95;99,5;111,66;PRODAVAT_Z_BATERII;PRODAVAT_Z_BATERII;Vysoka cena (111.66 EUR), vyuziti kapacity pro zisk. | Bojler: CEKA;2,77;1;1727;0;0;;;;;
2026-04-13 16:40;0;0;1408;560;1912;595;0;0;95;99,6;111,66;PRODAVAT_Z_BATERII;PRODAVAT_Z_BATERII;Vysoka cena (111.66 EUR), vyuziti kapacity pro zisk. | Bojler: CEKA;2,8;1;1668;0;0;;;;;
2026-04-13 16:45;305;0;1354;1659;1851;566;0;0;95;97,8;143,24;PRODAVAT_Z_BATERII;PRODAVAT_Z_BATERII;Vysoka cena (143.24 EUR), vyuziti kapacity pro zisk. | Bojler: CEKA;2,84;1;1608;0;0;;;;;
2026-04-13 16:50;339;0;1210;1549;1721;537;0;0;95;97,8;143,24;PRODAVAT_Z_BATERII;PRODAVAT_Z_BATERII;Vysoka cena (143.24 EUR), vyuziti kapacity pro zisk. | Bojler: CEKA;2,88;1;1545;0;0;;;;;
2026-04-13 16:55;329;0;1080;1409;1541;508;0;0;95;97,8;143,24;PRODAVAT_Z_BATERII;PRODAVAT_Z_BATERII;Vysoka cena (143.24 EUR), vyuziti kapacity pro zisk. | Bojler: CEKA;2,9;1;1474;0;0;;;;;
2026-04-13 17:00;344;0;928;1272;1429;479;0;0;95;96,2;104,52;PRODAVAT_Z_BATERII;PRODAVAT_Z_BATERII;Vysoka cena (104.52 EUR), vyuziti kapacity pro zisk. | Bojler: CEKA;1;1;479;0;0;;;;;
2026-04-13 17:05;324;0;791;1115;1275;453;0;0;95;98,6;104,52;PRODAVAT_Z_BATERII;PRODAVAT_Z_BATERII;Vysoka cena (104.52 EUR), vyuziti kapacity pro zisk. | Bojler: CEKA;2,98;1;1351;0;0;;;;;
2026-04-13 17:10;311;0;697;1008;1133;427;0;0;95;98,5;104,52;PRODAVAT_Z_BATERII;PRODAVAT_Z_BATERII;Vysoka cena (104.52 EUR), vyuziti kapacity pro zisk. | Bojler: CEKA;2,9;1;1238;0;0;;;;;
2026-04-13 17:15;221;0;687;908;1048;400;0;0;95;97,8;125,23;PRODAVAT_Z_BATERII;PRODAVAT_Z_BATERII;Vysoka cena (125.23 EUR), vyuziti kapacity pro zisk. | Bojler: CEKA;2,82;1;1131;0;0;;;;;
2026-04-13 17:20;118;0;713;831;949;374;0;0;95;97,8;125,23;PRODAVAT_Z_BATERII;PRODAVAT_Z_BATERII;Vysoka cena (125.23 EUR), vyuziti kapacity pro zisk. | Bojler: CEKA;2,78;1;1040;0;0;;;;;
2026-04-13 17:25;100;0;646;746;860;348;0;0;95;97,7;125,23;PRODAVAT_Z_BATERII;PRODAVAT_Z_BATERII;Vysoka cena (125.23 EUR), vyuziti kapacity pro zisk. | Bojler: CEKA;2,74;1;952;0;0;;;;;
2026-04-13 17:30;107;0;572;679;782;332;0;0;95;97,2;143,81;PRODAVAT_Z_BATERII;PRODAVAT_Z_BATERII;Vysoka cena (143.81 EUR), vyuziti kapacity pro zisk. | Bojler: CEKA;2,7;1;894;0;0;;;;;
2026-04-13 17:35;124;0;487;611;733;305;0;0;95;97,2;143,81;PRODAVAT_Z_BATERII;PRODAVAT_Z_BATERII;Vysoka cena (143.81 EUR), vyuziti kapacity pro zisk. | Bojler: CEKA;2,66;1;809;0;0;;;;;
2026-04-13 17:40;125;0;437;562;662;278;0;0;95;97,2;143,81;PRODAVAT_Z_BATERII;PRODAVAT_Z_BATERII;Vysoka cena (143.81 EUR), vyuziti kapacity pro zisk. | Bojler: CEKA;2,63;1;731;0;0;;;;;
2026-04-13 17:55;346;0;190,0;536,0;633;197;0;0;95,0;95,0;159,06;PRODAVAT_Z_BATERII;PRODAVAT_Z_BATERII;Vysoka cena (159.06 EUR), vyuziti kapacity pro zisk. | Bojler: CEKA;20,1;0,0527;0;0,0158;0,0;0,0;20,1;10680,5;12158,89;3,01;1,0;593;0;0
2026-04-13 18:01;339;0;188,0;527,0;639;170;0;0;95,0;45,4;135,19;PRODAVAT_Z_BATERII;PRODAVAT_Z_BATERII;Vysoka cena (135.19 EUR), vyuziti kapacity pro zisk. | Bojler: ZAPNUT (Optimalizovano);20,1;0,0532;0;0,0157;0,0;0,0;20,1;10680,5;12158,91;1,0;1,0;170;0;1
2026-04-13 18:05;244;0;257,0;501,0;608;158;0;0;95,0;45,4;135,19;PRODAVAT_Z_BATERII;PRODAVAT_Z_BATERII;Vysoka cena (135.19 EUR), vyuziti kapacity pro zisk. | Bojler: ZAPNUT (Optimalizovano);20,2;0,0506;0;0,0214;0,0;0,0;20,2;10680,5;12158,92;1,0;1,0;158;0;1
2026-04-13 18:10;160;0;332,0;492,0;586;146;0;0;95,0;45,4;135,19;PRODAVAT_Z_BATERII;PRODAVAT_Z_BATERII;Vysoka cena (135.19 EUR), vyuziti kapacity pro zisk. | Bojler: ZAPNUT (Optimalizovano);20,2;0,0488;0;0,0277;0,0;0,0;20,2;10680,5;12158,95;1,0;1,0;146;0;1
2026-04-13 18:15;174;0;301,0;475,0;570;134;0;0;94,0;45,3;142,58;PRODAVAT_Z_BATERII;PRODAVAT_Z_BATERII;Vysoka cena (142.58 EUR), vyuziti kapacity pro zisk. | Bojler: ZAPNUT (Optimalizovano);20,3;0,0475;0;0,0251;0,0;0,0;20,3;10680,5;12158,97;1,0;1,0;134;0;1
2026-04-13 18:20;4469;0;0,0;4469,0;517;122;0;-4166;92,0;45,3;142,58;PRODAVAT_Z_BATERII;PRODAVAT_Z_BATERII;Vysoka cena (142.58 EUR), vyuziti kapacity pro zisk. | Bojler: ZAPNUT (Optimalizovano);20,6;0,0431;0;0;0,0;0,0;20,6;10680,5;12158,98;1,0;1,0;122;0;1
2026-04-13 18:25;4506;0;-42,0;4464,0;495;110;0;-4192;89,0;45,3;142,58;PRODAVAT_Z_BATERII;PRODAVAT_Z_BATERII;Vysoka cena (142.58 EUR), vyuziti kapacity pro zisk. | Bojler: ZAPNUT (Optimalizovano);20,9;0,0412;0,0035;0;0,0;0,0;20,9;10680,51;12158,98;1,0;1,0;110;0;1
2026-04-13 18:30;4389;0;0,0;4389,0;451;98;0;-4165;86,0;45,2;151,57;PRODAVAT_Z_BATERII;PRODAVAT_Z_BATERII;Vysoka cena (151.57 EUR), vyuziti kapacity pro zisk. | Bojler: ZAPNUT (Optimalizovano);21,3;0,0376;0;0;0,0;0,0;21,3;10680,51;12158,98;1,0;1,0;98;0;1
2026-04-13 18:35;256;0;0,0;256,0;453;87;0;71;84,0;45,2;151,57;PRODAVAT_Z_BATERII;PRODAVAT_Z_BATERII;Vysoka cena (151.57 EUR), vyuziti kapacity pro zisk. | Bojler: ZAPNUT (Optimalizovano);21,5;0,0377;0;0;0,0;0,0;21,5;10680,51;12158,98;1,0;1,0;87;0;1
2026-04-13 18:40;259;0;0,0;259,0;427;75;0;72;84,0;45,2;151,57;PRODAVAT_Z_BATERII;PRODAVAT_Z_BATERII;Vysoka cena (151.57 EUR), vyuziti kapacity pro zisk. | Bojler: ZAPNUT (Optimalizovano);21,5;0,0356;0;0;0,0;0,0;21,5;10680,51;12158,98;1,0;1,0;75;0;1
2026-04-13 18:45;368;0;-78,0;290,0;359;63;0;0;84,0;45,2;169,96;PRODAVAT_Z_BATERII;PRODAVAT_Z_BATERII;Vysoka cena (169.96 EUR), vyuziti kapacity pro zisk. | Bojler: ZAPNUT (Optimalizovano);21,5;0,0299;0,0065;0;0,0;0,0;21,5;10680,51;12158,98;1,0;1,0;63;0;1
